error,numSignals,selectSignal,samples,doas,freqOrig,freqMVDR,freqOrigMag,freqMVDRMag
False,3,0,10000,"[-0.5061454830783556, 0.01745329251994332, 0.593411945678072]","[1078271.9999999998, 577535.9999999999, 304127.99999999994]","[304127.99999999994, 1078271.9999999998, 307199.99999999994]","[57.65190620904222, 29.74751751985393, 21.954239217004613]","[6.3962952833693745, 0.7325745694067576, 15.051555979760034]"
False,3,0,10000,"[-0.5061454830783556, 0.01745329251994332, 0.593411945678072]","[1078271.9999999998, 577535.9999999999, 304127.99999999994]","[304127.99999999994, 1078271.9999999998, 577535.9999999999]","[57.34087230590355, 29.785711423765978, 24.904193589801775]","[6.413020119115923, 0.6832086712001029, 17.191736538778528]"
False,3,0,10000,"[-0.5061454830783556, 0.01745329251994332, 0.593411945678072]","[1078271.9999999998, 577535.9999999999, 304127.99999999994]","[304127.99999999994, 307199.99999999994, 1078271.9999999998]","[57.544493054624574, 29.59373740889071, 11.338539898538942]","[6.324940020836298, 0.6480197417653895, 7.85049005009412]"
False,3,0,10000,"[-0.5061454830783556, 0.01745329251994332, 0.593411945678072]","[1078271.9999999998, 577535.9999999999, 307199.99999999994]","[307199.99999999994, 304127.99999999994, 1078271.9999999998]","[57.305329441762495, 29.178889579748823, 11.31837691514967]","[6.248351431444623, 0.7085203828238243, 7.940363561805906]"
False,3,0,10000,"[-0.5061454830783556, 0.01745329251994332, 0.593411945678072]","[1078271.9999999998, 577535.9999999999, 304127.99999999994]","[304127.99999999994, 1078271.9999999998, 577535.9999999999]","[57.20745691502508, 29.050524460001228, 26.70974365950462]","[6.284701473728674, 0.7017027330874532, 18.386496385216347]"
False,3,0,10000,"[-0.5061454830783556, 0.01745329251994332, 0.593411945678072]","[1078271.9999999998, 577535.9999999999, 304127.99999999994]","[304127.99999999994, 1078271.9999999998, 307199.99999999994]","[57.49522222348335, 28.918135477922725, 24.146967945176936]","[6.165857168577684, 0.7187874378725436, 16.796865143288088]"
False,3,0,10000,"[-0.5061454830783556, 0.01745329251994332, 0.593411945678072]","[1078271.9999999998, 577535.9999999999, 304127.99999999994]","[304127.99999999994, 1078271.9999999998, 577535.9999999999]","[57.163048323626114, 28.57208107919378, 25.538378877036482]","[6.296806863396841, 0.6957033262022586, 17.521353978103424]"
False,3,0,10000,"[-0.5061454830783556, 0.01745329251994332, 0.593411945678072]","[1078271.9999999998, 577535.9999999999, 304127.99999999994]","[304127.99999999994, 1078271.9999999998, 307199.99999999994]","[57.21483832479257, 28.755171945808353, 19.225786474382677]","[6.4428930403658695, 0.7037163221877613, 13.240146024422815]"
False,3,0,10000,"[-0.5061454830783556, 0.01745329251994332, 0.593411945678072]","[1078271.9999999998, 577535.9999999999, 304127.99999999994]","[304127.99999999994, 1078271.9999999998, 307199.99999999994]","[57.17894033829174, 28.601194148512697, 23.76622008696199]","[6.37416072868569, 0.6957825498066986, 16.264562421930638]"
False,3,0,10000,"[-0.5061454830783556, 0.01745329251994332, 0.593411945678072]","[1078271.9999999998, 577535.9999999999, 304127.99999999994]","[304127.99999999994, 1078271.9999999998, 301055.99999999994]","[57.37923213597465, 29.14003769520986, 14.068246552946265]","[6.165602882886457, 0.709654878272649, 9.635738612793315]"
False,3,0,10000,"[-0.5061454830783556, 0.01745329251994332, 0.593411945678072]","[1078271.9999999998, 577535.9999999999, 304127.99999999994]","[304127.99999999994, 1078271.9999999998, 301055.99999999994]","[57.317078966549545, 28.405056942166524, 13.655142228784968]","[6.39340528758819, 0.6452554729794578, 9.50533144168906]"
False,3,0,10000,"[-0.5061454830783556, 0.01745329251994332, 0.593411945678072]","[1078271.9999999998, 577535.9999999999, 304127.99999999994]","[304127.99999999994, 1078271.9999999998, 577535.9999999999]","[57.07028189567899, 28.30843525308689, 27.237732573042724]","[6.291500208133384, 0.6020600483600754, 18.8680176069864]"
False,3,0,10000,"[-0.5061454830783556, 0.01745329251994332, 0.593411945678072]","[1078271.9999999998, 577535.9999999999, 304127.99999999994]","[304127.99999999994, 1078271.9999999998, 301055.99999999994]","[57.04505744216937, 28.017787930694745, 24.196051058042578]","[6.435822622843397, 0.6650754380888537, 16.558097762485122]"
False,3,0,10000,"[-0.5061454830783556, 0.01745329251994332, 0.593411945678072]","[1078271.9999999998, 577535.9999999999, 304127.99999999994]","[304127.99999999994, 1078271.9999999998, 307199.99999999994]","[57.12375904759538, 28.066688842662856, 22.18799042230583]","[6.232225722284256, 0.599613097708494, 15.42928161247168]"
False,3,0,10000,"[-0.5061454830783556, 0.01745329251994332, 0.593411945678072]","[1078271.9999999998, 577535.9999999999, 304127.99999999994]","[304127.99999999994, 1078271.9999999998, 307199.99999999994]","[56.742412034741186, 27.604239964243718, 24.972896826916482]","[6.1343526662260945, 0.6999615529894148, 17.087161666136197]"
False,3,0,10000,"[-0.5061454830783556, 0.01745329251994332, 0.593411945678072]","[1078271.9999999998, 577535.9999999999, 304127.99999999994]","[304127.99999999994, 1078271.9999999998, 307199.99999999994]","[56.81145820913587, 27.52478951871362, 16.002820940088398]","[6.008124119590045, 0.6627190490755959, 11.148255152790021]"
False,3,0,10000,"[-0.5061454830783556, 0.01745329251994332, 0.593411945678072]","[1078271.9999999998, 577535.9999999999, 304127.99999999994]","[304127.99999999994, 1078271.9999999998, 307199.99999999994]","[56.78541425644377, 27.94832097526655, 15.729473693856326]","[6.083350697241241, 0.573643782293999, 11.088689605892506]"
False,3,0,10000,"[-0.5061454830783556, 0.01745329251994332, 0.593411945678072]","[1078271.9999999998, 577535.9999999999, 304127.99999999994]","[304127.99999999994, 1078271.9999999998, 307199.99999999994]","[57.26117993180679, 28.310292540643317, 23.219209993609617]","[6.045612172296778, 0.637498571384965, 16.383177080164838]"
False,3,0,10000,"[-0.5061454830783556, 0.01745329251994332, 0.593411945678072]","[1078271.9999999998, 577535.9999999999, 304127.99999999994]","[304127.99999999994, 1078271.9999999998, 307199.99999999994]","[56.9898963379747, 28.501849396466298, 24.377237083553364]","[6.247375514268066, 0.6390320145083804, 16.928597520885074]"
False,3,0,10000,"[-0.5061454830783556, 0.01745329251994332, 0.593411945678072]","[1078271.9999999998, 577535.9999999999, 307199.99999999994]","[307199.99999999994, 1078271.9999999998, 577535.9999999999]","[56.7735183189427, 27.985162165039917, 26.720951844243256]","[6.257904251111988, 0.6906880460724805, 18.26259260002023]"
False,3,0,10000,"[-0.5061454830783556, 0.01745329251994332, 0.593411945678072]","[1078271.9999999998, 577535.9999999999, 304127.99999999994]","[304127.99999999994, 1078271.9999999998, 307199.99999999994]","[56.8583710605215, 27.72904756147933, 21.03955635036596]","[5.989210942380025, 0.6212961536622195, 14.89760368335028]"
False,3,0,10000,"[-0.5061454830783556, 0.01745329251994332, 0.593411945678072]","[1078271.9999999998, 577535.9999999999, 304127.99999999994]","[304127.99999999994, 1078271.9999999998, 577535.9999999999]","[56.98227866862602, 27.613959486894455, 26.963519963943337]","[6.128966584883412, 0.6491310089488057, 18.651199685865308]"
False,3,0,10000,"[-0.5061454830783556, 0.01745329251994332, 0.593411945678072]","[1078271.9999999998, 577535.9999999999, 307199.99999999994]","[307199.99999999994, 1078271.9999999998, 304127.99999999994]","[57.13264029629463, 27.669546658953394, 15.83806325909682]","[6.14426824613218, 0.6384566789075029, 10.99788310122511]"
False,3,0,10000,"[-0.5061454830783556, 0.01745329251994332, 0.593411945678072]","[1078271.9999999998, 577535.9999999999, 304127.99999999994]","[304127.99999999994, 1078271.9999999998, 307199.99999999994]","[56.42042431238618, 27.214606488433198, 17.880883134419314]","[6.459288386368395, 0.6624577380056748, 12.02953218833724]"
False,3,0,10000,"[-0.5061454830783556, 0.01745329251994332, 0.593411945678072]","[1078271.9999999998, 577535.9999999999, 307199.99999999994]","[307199.99999999994, 1078271.9999999998, 304127.99999999994]","[56.72327487812972, 27.620165862990742, 22.977910892891163]","[6.311488813987699, 0.6590444528852538, 15.658167451262798]"
False,3,0,10000,"[-0.5061454830783556, 0.01745329251994332, 0.593411945678072]","[1078271.9999999998, 577535.9999999999, 304127.99999999994]","[304127.99999999994, 1078271.9999999998, 307199.99999999994]","[56.676023122174875, 27.302518590585596, 24.930602559487923]","[6.120590782201364, 0.6051575904048917, 17.43149393794822]"
False,3,0,10000,"[-0.5061454830783556, 0.01745329251994332, 0.593411945678072]","[1078271.9999999998, 577535.9999999999, 307199.99999999994]","[307199.99999999994, 1078271.9999999998, 304127.99999999994]","[56.66184711351795, 27.462510938952406, 25.12198462849125]","[6.140621396420818, 0.6173133152737454, 17.35961935150671]"
False,3,0,10000,"[-0.5061454830783556, 0.01745329251994332, 0.593411945678072]","[1078271.9999999998, 577535.9999999999, 304127.99999999994]","[304127.99999999994, 1078271.9999999998, 307199.99999999994]","[56.87849408714443, 27.47455672655738, 14.793827282296045]","[6.124678005061399, 0.6001256556624575, 10.40015533541051]"
False,3,0,10000,"[-0.5061454830783556, 0.01745329251994332, 0.593411945678072]","[1078271.9999999998, 577535.9999999999, 304127.99999999994]","[304127.99999999994, 1078271.9999999998, 307199.99999999994]","[56.60662972681005, 27.008687803121827, 23.34324310081368]","[6.408524884179788, 0.6688436752724289, 15.948417154843584]"
False,3,0,10000,"[-0.5061454830783556, 0.01745329251994332, 0.593411945678072]","[1078271.9999999998, 577535.9999999999, 307199.99999999994]","[307199.99999999994, 1078271.9999999998, 304127.99999999994]","[56.006694080355395, 26.43473890674075, 18.872999694355354]","[6.097704081317859, 0.6257309191685761, 13.152654209302055]"
False,3,0,10000,"[-0.5061454830783556, 0.01745329251994332, 0.593411945678072]","[1078271.9999999998, 577535.9999999999, 304127.99999999994]","[304127.99999999994, 1078271.9999999998, 577535.9999999999]","[56.12357536116966, 25.935710182781737, 25.638387736118172]","[6.011809057462051, 0.5897038819329322, 17.789149048341603]"
False,3,0,10000,"[-0.5061454830783556, 0.01745329251994332, 0.593411945678072]","[1078271.9999999998, 577535.9999999999, 307199.99999999994]","[307199.99999999994, 1078271.9999999998, 304127.99999999994]","[56.14605577983184, 26.15609711210326, 17.769997007418453]","[5.945712404440669, 0.6078892844286131, 12.370577200219817]"
False,3,0,10000,"[-0.5061454830783556, 0.01745329251994332, 0.593411945678072]","[1078271.9999999998, 577535.9999999999, 304127.99999999994]","[304127.99999999994, 1078271.9999999998, 307199.99999999994]","[56.18904190279878, 26.176923747203013, 25.252457967708764]","[6.061702765641585, 0.5207050115218507, 17.757939086511243]"
False,3,0,10000,"[-0.5061454830783556, 0.01745329251994332, 0.593411945678072]","[1078271.9999999998, 577535.9999999999, 304127.99999999994]","[304127.99999999994, 1078271.9999999998, 307199.99999999994]","[56.21688997130405, 26.734467207818508, 23.765532147014728]","[6.304709966235366, 0.6481839657867512, 16.404493549216053]"
False,3,0,10000,"[-0.5061454830783556, 0.01745329251994332, 0.593411945678072]","[1078271.9999999998, 577535.9999999999, 307199.99999999994]","[307199.99999999994, 304127.99999999994, 1078271.9999999998]","[55.97843187625355, 26.446084305143383, 12.933040841682438]","[5.98064905400518, 0.5633618331775734, 8.944430072345137]"
False,3,0,10000,"[-0.5061454830783556, 0.01745329251994332, 0.593411945678072]","[1078271.9999999998, 577535.9999999999, 304127.99999999994]","[304127.99999999994, 1078271.9999999998, 307199.99999999994]","[56.22074361280847, 26.31013860290955, 19.151894642602475]","[6.20116404139546, 0.651734831680232, 13.18272133691022]"
False,3,0,10000,"[-0.5061454830783556, 0.01745329251994332, 0.593411945678072]","[1078271.9999999998, 304127.99999999994, 577535.9999999999]","[304127.99999999994, 1078271.9999999998, 577535.9999999999]","[55.83109489142436, 27.143085714196992, 25.862488526350056]","[6.071905048977508, 18.82781914719663, 0.5830229577546829]"
False,3,0,10000,"[-0.5061454830783556, 0.01745329251994332, 0.593411945678072]","[1078271.9999999998, 577535.9999999999, 304127.99999999994]","[304127.99999999994, 1078271.9999999998, 307199.99999999994]","[55.77640217582849, 25.78994842049082, 20.489746784607455]","[5.880836384846782, 0.5209739686727706, 14.5709699082406]"
False,3,0,10000,"[-0.5061454830783556, 0.01745329251994332, 0.593411945678072]","[1078271.9999999998, 304127.99999999994, 577535.9999999999]","[304127.99999999994, 1078271.9999999998, 577535.9999999999]","[55.65894745224246, 27.361080673830397, 25.401254346351003]","[5.9740325380540575, 18.857528685378373, 0.6284413196472574]"
False,3,0,10000,"[-0.5061454830783556, 0.01745329251994332, 0.593411945678072]","[1078271.9999999998, 577535.9999999999, 304127.99999999994]","[304127.99999999994, 1078271.9999999998, 307199.99999999994]","[55.53781999606212, 25.54168178330313, 23.62400940652953]","[6.113111537030547, 0.6063664157137089, 16.386104038600504]"
False,3,0,10000,"[-0.5061454830783556, 0.01745329251994332, 0.593411945678072]","[1078271.9999999998, 577535.9999999999, 307199.99999999994]","[307199.99999999994, 1078271.9999999998, 304127.99999999994]","[56.08427038087551, 25.917743656594922, 15.198597926513056]","[6.2069160893147926, 0.5742130684290099, 10.381094044965119]"
False,3,0,10000,"[-0.5061454830783556, 0.01745329251994332, 0.593411945678072]","[1078271.9999999998, 577535.9999999999, 307199.99999999994]","[307199.99999999994, 1078271.9999999998, 304127.99999999994]","[55.7921575795887, 25.62593466965766, 25.022826537811422]","[5.914706750878361, 0.5742673844811191, 17.488501335979247]"
False,3,0,10000,"[-0.5061454830783556, 0.01745329251994332, 0.593411945678072]","[1078271.9999999998, 577535.9999999999, 304127.99999999994]","[304127.99999999994, 1078271.9999999998, 307199.99999999994]","[55.90229557807218, 25.630601105720853, 19.85287190696624]","[6.297314693599516, 0.5937152750580404, 13.430630685186793]"
False,3,0,10000,"[-0.5061454830783556, 0.01745329251994332, 0.593411945678072]","[1078271.9999999998, 307199.99999999994, 577535.9999999999]","[307199.99999999994, 1078271.9999999998, 577535.9999999999]","[55.68288691898045, 25.410809496838688, 25.346660257266567]","[5.914796171085368, 17.710791550272678, 0.6101000994756206]"
False,3,0,10000,"[-0.5061454830783556, 0.01745329251994332, 0.593411945678072]","[1078271.9999999998, 307199.99999999994, 577535.9999999999]","[307199.99999999994, 1078271.9999999998, 577535.9999999999]","[55.61725591198304, 26.99896543459663, 25.1384625441059]","[6.030492894368256, 18.93201499821252, 0.5656741056022019]"
False,3,0,10000,"[-0.5061454830783556, 0.01745329251994332, 0.593411945678072]","[1078271.9999999998, 577535.9999999999, 307199.99999999994]","[307199.99999999994, 1078271.9999999998, 304127.99999999994]","[55.248326551397234, 25.306181288758296, 24.97263619173374]","[5.926299716642618, 0.5457796607228316, 17.532250064771294]"
False,3,0,10000,"[-0.5061454830783556, 0.01745329251994332, 0.593411945678072]","[1078271.9999999998, 577535.9999999999, 307199.99999999994]","[307199.99999999994, 1078271.9999999998, 304127.99999999994]","[55.66049550544747, 25.084744058146367, 18.94614980813049]","[6.029246862674614, 0.6264354208535096, 12.94525855360286]"
False,3,0,10000,"[-0.5061454830783556, 0.01745329251994332, 0.593411945678072]","[1078271.9999999998, 577535.9999999999, 304127.99999999994]","[304127.99999999994, 1078271.9999999998, 301055.99999999994]","[55.03681426038926, 24.683096313766438, 19.56477213726835]","[6.096738992904274, 0.6157330084729649, 13.495633523954348]"
False,3,0,10000,"[-0.5061454830783556, 0.01745329251994332, 0.593411945678072]","[1078271.9999999998, 304127.99999999994, 577535.9999999999]","[304127.99999999994, 1078271.9999999998, 577535.9999999999]","[54.715859651265774, 27.348554796223183, 24.167084118971083]","[5.866106436282823, 18.90857172521674, 0.5846925132521062]"
False,3,0,10000,"[-0.5061454830783556, 0.01745329251994332, 0.593411945678072]","[1078271.9999999998, 304127.99999999994, 577535.9999999999]","[304127.99999999994, 1078271.9999999998, 577535.9999999999]","[54.69422083767394, 26.134448411608133, 23.82819012359818]","[5.848134276409214, 18.408206300536754, 0.48697622276878744]"
False,3,0,10000,"[-0.5061454830783556, 0.01745329251994332, 0.593411945678072]","[1078271.9999999998, 307199.99999999994, 577535.9999999999]","[307199.99999999994, 1078271.9999999998, 577535.9999999999]","[54.31153983505266, 25.381479464141567, 23.597965568690483]","[5.884133749950578, 17.451960346920917, 0.5647602948721865]"
False,3,0,10000,"[-0.5061454830783556, 0.01745329251994332, 0.593411945678072]","[1078271.9999999998, 307199.99999999994, 577535.9999999999]","[307199.99999999994, 1078271.9999999998, 304127.99999999994]","[54.54897398576326, 25.037022816168722, 23.84422063813544]","[5.819254691087295, 17.567839355011376, 0.5581009652133121]"
False,3,0,10000,"[-0.5061454830783556, 0.01745329251994332, 0.593411945678072]","[1078271.9999999998, 577535.9999999999, 307199.99999999994]","[307199.99999999994, 1078271.9999999998, 304127.99999999994]","[55.54161617873815, 25.118951041173734, 19.963303555936186]","[6.03937582918224, 0.6482661863723781, 13.71903872626334]"
False,3,0,10000,"[-0.5061454830783556, 0.01745329251994332, 0.593411945678072]","[1078271.9999999998, 577535.9999999999, 304127.99999999994]","[304127.99999999994, 1078271.9999999998, 307199.99999999994]","[55.37234380183905, 24.92792847396445, 14.287062018537743]","[5.936144906365725, 0.5875302010805693, 9.97246541815054]"
False,3,0,10000,"[-0.5061454830783556, 0.01745329251994332, 0.593411945678072]","[1078271.9999999998, 304127.99999999994, 577535.9999999999]","[304127.99999999994, 1078271.9999999998, 577535.9999999999]","[54.72222222861289, 26.55414980520403, 24.31321849109337]","[5.933262768597735, 18.649910398435377, 0.5246734476960113]"
False,3,0,10000,"[-0.5061454830783556, 0.01745329251994332, 0.593411945678072]","[1078271.9999999998, 577535.9999999999, 304127.99999999994]","[304127.99999999994, 1078271.9999999998, 301055.99999999994]","[54.452885678172436, 23.64232956544426, 22.445575001581524]","[6.016412204906458, 0.5251591310130381, 15.50806273877033]"
False,3,0,10000,"[-0.5061454830783556, 0.01745329251994332, 0.593411945678072]","[1078271.9999999998, 304127.99999999994, 577535.9999999999]","[304127.99999999994, 1078271.9999999998, 577535.9999999999]","[54.30052828618866, 27.30966750682254, 23.2559702191116]","[6.071369731369877, 18.6657355072361, 0.5285954000733211]"
False,3,0,10000,"[-0.5061454830783556, 0.01745329251994332, 0.593411945678072]","[1078271.9999999998, 577535.9999999999, 304127.99999999994]","[304127.99999999994, 1078271.9999999998, 307199.99999999994]","[54.33586466146281, 23.409985769269415, 16.649570739805238]","[6.173111890282661, 0.5636788191921385, 11.330792251500947]"
False,3,0,10000,"[-0.5061454830783556, 0.01745329251994332, 0.593411945678072]","[1078271.9999999998, 307199.99999999994, 577535.9999999999]","[307199.99999999994, 1078271.9999999998, 577535.9999999999]","[53.75363619141799, 25.97848561300487, 23.109059686210294]","[5.864006893981141, 18.33062584855243, 0.501481438869347]"
False,3,0,10000,"[-0.5061454830783556, 0.01745329251994332, 0.593411945678072]","[1078271.9999999998, 577535.9999999999, 307199.99999999994]","[307199.99999999994, 1078271.9999999998, 304127.99999999994]","[53.69616020517648, 23.000267509282605, 22.662807455707398]","[5.893203356081831, 0.5452696894647319, 15.890110363602387]"
False,3,0,10000,"[-0.5061454830783556, 0.01745329251994332, 0.593411945678072]","[1078271.9999999998, 577535.9999999999, 307199.99999999994]","[307199.99999999994, 1078271.9999999998, 304127.99999999994]","[53.96730272839465, 23.394336826991612, 17.252267397532666]","[5.77024626476548, 0.5514170337761772, 11.83683824716155]"
False,3,0,10000,"[-0.5061454830783556, 0.01745329251994332, 0.593411945678072]","[1078271.9999999998, 577535.9999999999, 304127.99999999994]","[304127.99999999994, 307199.99999999994, 1078271.9999999998]","[53.76740386581924, 23.290935487650298, 12.070108116751564]","[5.905802326991746, 0.497735569846327, 8.457650671205377]"
False,3,0,10000,"[-0.5061454830783556, 0.01745329251994332, 0.593411945678072]","[1078271.9999999998, 307199.99999999994, 577535.9999999999]","[307199.99999999994, 1078271.9999999998, 577535.9999999999]","[53.976824492837125, 26.274188826914084, 22.76480118124376]","[5.927078375093009, 18.173717064848077, 0.5134634280081651]"
False,3,0,10000,"[-0.5061454830783556, 0.01745329251994332, 0.593411945678072]","[1078271.9999999998, 307199.99999999994, 577535.9999999999]","[307199.99999999994, 1078271.9999999998, 304127.99999999994]","[54.30383021502271, 24.75827075020416, 23.19501807026396]","[5.837903442427897, 17.253790415242257, 0.4981311650439628]"
False,3,0,10000,"[-0.5061454830783556, 0.01745329251994332, 0.593411945678072]","[1078271.9999999998, 304127.99999999994, 577535.9999999999]","[304127.99999999994, 1078271.9999999998, 577535.9999999999]","[54.448781071012505, 26.326609439828278, 23.891728794339276]","[5.795621595751973, 18.651597995892125, 0.5059222294840494]"
False,3,0,10000,"[-0.5061454830783556, 0.01745329251994332, 0.593411945678072]","[1078271.9999999998, 577535.9999999999, 304127.99999999994]","[304127.99999999994, 307199.99999999994, 1078271.9999999998]","[54.83059711717201, 24.512130673231763, 12.113857179586445]","[6.160041724330439, 0.5849825460642807, 8.341409048119578]"
False,3,0,10000,"[-0.5061454830783556, 0.01745329251994332, 0.593411945678072]","[1078271.9999999998, 307199.99999999994, 577535.9999999999]","[307199.99999999994, 1078271.9999999998, 577535.9999999999]","[54.82105650833324, 27.083992198023154, 23.966919082166854]","[5.912867587232524, 18.673081102213946, 0.6027037361048011]"
False,3,0,10000,"[-0.5061454830783556, 0.01745329251994332, 0.593411945678072]","[1078271.9999999998, 577535.9999999999, 307199.99999999994]","[307199.99999999994, 1078271.9999999998, 304127.99999999994]","[54.64477254032917, 23.910129567639103, 18.535212541633353]","[5.726121240230946, 0.5142818313787074, 12.968226743744452]"
False,3,0,10000,"[-0.5061454830783556, 0.01745329251994332, 0.593411945678072]","[1078271.9999999998, 577535.9999999999, 304127.99999999994]","[304127.99999999994, 1078271.9999999998, 307199.99999999994]","[54.9149714522494, 24.097887077366483, 16.410364448326114]","[5.958903019164326, 0.5972905034744825, 11.284181807235624]"
False,3,0,10000,"[-0.5061454830783556, 0.01745329251994332, 0.593411945678072]","[1078271.9999999998, 304127.99999999994, 577535.9999999999]","[304127.99999999994, 1078271.9999999998, 577535.9999999999]","[54.968241847543744, 26.925350403033423, 24.075106420307264]","[5.814855812701272, 18.640255095378738, 0.6108077550761134]"
False,3,0,10000,"[-0.5061454830783556, 0.01745329251994332, 0.593411945678072]","[1078271.9999999998, 577535.9999999999, 304127.99999999994]","[304127.99999999994, 1078271.9999999998, 307199.99999999994]","[54.688880875321985, 24.249197013848537, 19.33215025666921]","[5.9079307900107665, 0.553741117902038, 13.541497324627144]"
False,3,0,10000,"[-0.5061454830783556, 0.01745329251994332, 0.593411945678072]","[1078271.9999999998, 577535.9999999999, 304127.99999999994]","[304127.99999999994, 1078271.9999999998, 307199.99999999994]","[54.95317360332784, 24.164685830927702, 23.951085625788597]","[6.20564992373716, 0.5757544416504109, 16.300269214998327]"
False,3,0,10000,"[-0.5061454830783556, 0.01745329251994332, 0.593411945678072]","[1078271.9999999998, 304127.99999999994, 577535.9999999999]","[304127.99999999994, 1078271.9999999998, 577535.9999999999]","[54.96643591128448, 27.196440655137526, 24.442189978304]","[6.051686639291732, 18.68946237198369, 0.5569726459150088]"
False,3,0,10000,"[-0.5061454830783556, 0.01745329251994332, 0.593411945678072]","[1078271.9999999998, 577535.9999999999, 307199.99999999994]","[307199.99999999994, 1078271.9999999998, 304127.99999999994]","[55.128717796748624, 24.792046137037097, 23.357738653404493]","[6.23033315959243, 0.5715681111273857, 15.829951633754426]"
False,3,0,10000,"[-0.5061454830783556, 0.01745329251994332, 0.593411945678072]","[1078271.9999999998, 577535.9999999999, 304127.99999999994]","[304127.99999999994, 1078271.9999999998, 307199.99999999994]","[55.56590765508641, 25.14984090582793, 17.111018165573928]","[5.822467509384905, 0.6413352752206379, 11.826157122117875]"
False,3,0,10000,"[-0.5061454830783556, 0.01745329251994332, 0.593411945678072]","[1078271.9999999998, 304127.99999999994, 577535.9999999999]","[304127.99999999994, 1078271.9999999998, 577535.9999999999]","[55.473073272053284, 25.926731820746593, 25.19019462065027]","[5.854287061289838, 18.021245498128902, 0.6340200753070118]"
False,3,0,10000,"[-0.5061454830783556, 0.01745329251994332, 0.593411945678072]","[1078271.9999999998, 577535.9999999999, 304127.99999999994]","[304127.99999999994, 1078271.9999999998, 307199.99999999994]","[55.29519788669662, 24.249412903546105, 16.03093239529434]","[5.824972087965088, 0.6181839832614701, 11.121402783799388]"
False,3,0,10000,"[-0.5061454830783556, 0.01745329251994332, 0.593411945678072]","[1078271.9999999998, 307199.99999999994, 577535.9999999999]","[307199.99999999994, 1078271.9999999998, 577535.9999999999]","[54.89194774405618, 26.553522515736976, 24.184757188649133]","[5.949465754347534, 18.421054113260265, 0.588639708865614]"
False,3,0,10000,"[-0.5061454830783556, 0.01745329251994332, 0.593411945678072]","[1078271.9999999998, 577535.9999999999, 304127.99999999994]","[304127.99999999994, 1078271.9999999998, 307199.99999999994]","[54.39475417515722, 24.11605337954171, 20.32927816985179]","[6.019817785901315, 0.5231863428086798, 14.010788846733277]"
False,3,0,10000,"[-0.5061454830783556, 0.01745329251994332, 0.593411945678072]","[1078271.9999999998, 577535.9999999999, 307199.99999999994]","[307199.99999999994, 1078271.9999999998, 304127.99999999994]","[54.73573609634079, 24.326004243712372, 19.750622355566822]","[5.797999334930259, 0.5060407426978989, 13.751808429224164]"
False,3,0,10000,"[-0.5061454830783556, 0.01745329251994332, 0.593411945678072]","[1078271.9999999998, 307199.99999999994, 577535.9999999999]","[307199.99999999994, 1078271.9999999998, 577535.9999999999]","[54.77680385054712, 26.389426391139764, 24.17563612869908]","[6.0752460315707575, 18.108364883143008, 0.5448128842197694]"
False,3,0,10000,"[-0.5061454830783556, 0.01745329251994332, 0.593411945678072]","[1078271.9999999998, 577535.9999999999, 304127.99999999994]","[304127.99999999994, 1078271.9999999998, 307199.99999999994]","[55.12909762183913, 24.57391503957437, 15.865221780587584]","[5.999379992882782, 0.5735297794929523, 11.131247642374804]"
False,3,0,10000,"[-0.5061454830783556, 0.01745329251994332, 0.593411945678072]","[1078271.9999999998, 577535.9999999999, 307199.99999999994]","[307199.99999999994, 304127.99999999994, 1078271.9999999998]","[54.98619105650791, 24.624287497293246, 13.238139780360374]","[6.132232010718827, 0.5569791808364373, 9.207074074391594]"
False,3,0,10000,"[-0.5061454830783556, 0.01745329251994332, 0.593411945678072]","[1078271.9999999998, 577535.9999999999, 307199.99999999994]","[307199.99999999994, 1078271.9999999998, 304127.99999999994]","[55.15790431478317, 24.796574905892065, 21.25935751809385]","[6.103758336179756, 0.5917143748743038, 14.477633567041241]"
False,3,0,10000,"[-0.5061454830783556, 0.01745329251994332, 0.593411945678072]","[1078271.9999999998, 577535.9999999999, 307199.99999999994]","[307199.99999999994, 1078271.9999999998, 304127.99999999994]","[55.32466371063722, 24.403574244721096, 15.367481132652824]","[5.837947157045302, 0.5767915363964373, 10.87065298774496]"
False,3,0,10000,"[-0.5061454830783556, 0.01745329251994332, 0.593411945678072]","[1078271.9999999998, 577535.9999999999, 307199.99999999994]","[307199.99999999994, 1078271.9999999998, 304127.99999999994]","[55.503903596446804, 24.72875079988789, 14.790916299752222]","[6.283840254126695, 0.5766997451791013, 10.208406687360329]"
False,3,0,10000,"[-0.5061454830783556, 0.01745329251994332, 0.593411945678072]","[1078271.9999999998, 577535.9999999999, 307199.99999999994]","[307199.99999999994, 1078271.9999999998, 304127.99999999994]","[54.94784388353762, 24.336084266160814, 14.104429246855307]","[5.916794956585358, 0.5607276015895054, 9.730520150160954]"
False,3,0,10000,"[-0.5061454830783556, 0.01745329251994332, 0.593411945678072]","[1078271.9999999998, 307199.99999999994, 577535.9999999999]","[307199.99999999994, 1078271.9999999998, 577535.9999999999]","[54.35043042374094, 26.638537868182194, 23.91740730981913]","[5.921698597305826, 18.385499592507852, 0.5258638340097286]"
False,3,0,10000,"[-0.5061454830783556, 0.01745329251994332, 0.593411945678072]","[1078271.9999999998, 307199.99999999994, 577535.9999999999]","[307199.99999999994, 1078271.9999999998, 577535.9999999999]","[54.402921475305746, 26.550956779098655, 23.279045334089485]","[5.946833463401432, 18.545685008411894, 0.5160869401816082]"
False,3,0,10000,"[-0.5061454830783556, 0.01745329251994332, 0.593411945678072]","[1078271.9999999998, 577535.9999999999, 307199.99999999994]","[307199.99999999994, 1078271.9999999998, 304127.99999999994]","[54.22147343429015, 23.33320003558688, 19.400308116581304]","[6.0551090380529695, 0.48521039583719194, 13.35030044260345]"
False,3,0,10000,"[-0.5061454830783556, 0.01745329251994332, 0.593411945678072]","[1078271.9999999998, 307199.99999999994, 577535.9999999999]","[307199.99999999994, 1078271.9999999998, 310271.99999999994]","[53.881469770700726, 23.482561600646978, 23.15122352859788]","[6.051429678325435, 16.174457698651295, 0.5491267801190441]"
False,3,0,10000,"[-0.5061454830783556, 0.01745329251994332, 0.593411945678072]","[1078271.9999999998, 577535.9999999999, 304127.99999999994]","[304127.99999999994, 1078271.9999999998, 307199.99999999994]","[53.57054604140553, 22.70987634120448, 16.984338165594767]","[5.933222610020658, 0.5734215666595524, 11.68058828685037]"
False,3,0,10000,"[-0.5061454830783556, 0.01745329251994332, 0.593411945678072]","[1078271.9999999998, 307199.99999999994, 577535.9999999999]","[307199.99999999994, 1078271.9999999998, 577535.9999999999]","[53.17175846842938, 26.059142882926654, 22.017668333236703]","[5.659299224741798, 18.126711021329836, 0.555302620324619]"
False,3,0,10000,"[-0.5061454830783556, 0.01745329251994332, 0.593411945678072]","[1078271.9999999998, 307199.99999999994, 577535.9999999999]","[307199.99999999994, 1078271.9999999998, 310271.99999999994]","[52.40244825186361, 21.84766416947578, 21.58606716270165]","[5.910220197203304, 15.127792532944985, 0.474759718852002]"
False,3,0,10000,"[-0.5061454830783556, 0.01745329251994332, 0.593411945678072]","[1078271.9999999998, 577535.9999999999, 307199.99999999994]","[307199.99999999994, 1078271.9999999998, 304127.99999999994]","[52.36219334918626, 21.288776052192983, 15.224534475734073]","[5.994457985628128, 0.5077865005874056, 10.3899598211533]"
False,3,0,10000,"[-0.5061454830783556, 0.01745329251994332, 0.593411945678072]","[1078271.9999999998, 307199.99999999994, 577535.9999999999]","[307199.99999999994, 1078271.9999999998, 577535.9999999999]","[53.57205752164708, 26.020954909260887, 22.815935580321334]","[5.865022984741153, 17.87736862955488, 0.5089226953555048]"
False,3,0,10000,"[-0.5061454830783556, 0.01745329251994332, 0.593411945678072]","[1078271.9999999998, 577535.9999999999, 307199.99999999994]","[307199.99999999994, 1078271.9999999998, 304127.99999999994]","[54.964592987384, 24.61406312891925, 24.468108660655265]","[6.32565834798752, 0.5774526566207434, 16.678405938006804]"
False,3,0,10000,"[-0.5061454830783556, 0.01745329251994332, 0.593411945678072]","[1078271.9999999998, 577535.9999999999, 307199.99999999994]","[307199.99999999994, 1078271.9999999998, 304127.99999999994]","[55.06840509075539, 24.159211260162365, 23.412718512635216]","[5.919776046114949, 0.5832232478205667, 16.326490909846687]"
False,3,1,10000,"[-0.5061454830783556, 0.01745329251994332, 0.593411945678072]","[1078271.9999999998, 577535.9999999999, 304127.99999999994]","[577535.9999999999, 580607.9999999999, 574463.9999999999]","[55.20924925637061, 24.47608253006643, 16.473379105484376]","[0.4201910209142381, 28.12665639505747, 0.5618184009356217]"
False,3,1,10000,"[-0.5061454830783556, 0.01745329251994332, 0.593411945678072]","[1078271.9999999998, 577535.9999999999, 304127.99999999994]","[577535.9999999999, 580607.9999999999, 574463.9999999999]","[55.80318890362802, 25.708726057375852, 18.79489284814958]","[0.4174998183884822, 29.229380670883618, 0.7500573086321626]"
False,3,1,10000,"[-0.5061454830783556, 0.01745329251994332, 0.593411945678072]","[1078271.9999999998, 577535.9999999999, 304127.99999999994]","[577535.9999999999, 580607.9999999999, 574463.9999999999]","[56.42181189415472, 26.190978968278575, 19.558051803590814]","[0.4047418989831988, 30.280170284284548, 0.659950918415038]"
False,3,1,10000,"[-0.5061454830783556, 0.01745329251994332, 0.593411945678072]","[1078271.9999999998, 577535.9999999999, 307199.99999999994]","[577535.9999999999, 580607.9999999999, 574463.9999999999]","[57.299691701905466, 29.264030705405247, 17.346406256328223]","[0.3261538910392859, 33.547437711065285, 0.6403993378202181]"
False,3,1,10000,"[-0.5061454830783556, 0.01745329251994332, 0.593411945678072]","[1078271.9999999998, 577535.9999999999, 307199.99999999994]","[577535.9999999999, 580607.9999999999, 307199.99999999994]","[57.13275854973588, 33.38642220788438, 22.209305181405895]","[0.2964661141478529, 38.16663106766567, 0.8643939039630314]"
False,3,1,10000,"[-0.5061454830783556, 0.01745329251994332, 0.593411945678072]","[1078271.9999999998, 577535.9999999999, 304127.99999999994]","[577535.9999999999, 580607.9999999999, 574463.9999999999]","[57.248459552936374, 33.301263785351246, 14.084789347537095]","[0.3395666121661769, 38.21038243118888, 0.4903490120248008]"
False,3,1,10000,"[-0.5061454830783556, 0.01745329251994332, 0.593411945678072]","[1078271.9999999998, 577535.9999999999, 304127.99999999994]","[577535.9999999999, 580607.9999999999, 574463.9999999999]","[57.159504941800165, 34.02182142182855, 14.584134830488043]","[0.37705775625751325, 39.10138506523073, 0.5232992082385973]"
False,3,1,10000,"[-0.5061454830783556, 0.01745329251994332, 0.593411945678072]","[1078271.9999999998, 577535.9999999999, 304127.99999999994]","[577535.9999999999, 580607.9999999999, 574463.9999999999]","[56.51522232528279, 34.02795512960869, 14.201916181405165]","[0.2852537220240221, 38.98383282272458, 0.5389423660917331]"
False,3,1,10000,"[-0.5061454830783556, 0.01745329251994332, 0.593411945678072]","[1078271.9999999998, 577535.9999999999, 304127.99999999994]","[577535.9999999999, 580607.9999999999, 304127.99999999994]","[56.65450920675505, 34.447603403423045, 20.92975007409859]","[0.4285178106094945, 39.45952537456883, 0.7790268769432427]"
False,3,1,10000,"[-0.5061454830783556, 0.01745329251994332, 0.593411945678072]","[1078271.9999999998, 577535.9999999999, 304127.99999999994]","[577535.9999999999, 580607.9999999999, 304127.99999999994]","[56.555390779878024, 34.54237643986457, 27.205167372508175]","[0.4373590070738257, 39.657199107030756, 0.9838567979126094]"
False,3,1,10000,"[-0.5061454830783556, 0.01745329251994332, 0.593411945678072]","[1078271.9999999998, 577535.9999999999, 307199.99999999994]","[577535.9999999999, 580607.9999999999, 307199.99999999994]","[56.026984190145136, 34.84369230531653, 26.35977857126787]","[0.469485461878256, 40.03231579409887, 0.9307468424050025]"
False,3,1,10000,"[-0.5061454830783556, 0.01745329251994332, 0.593411945678072]","[1078271.9999999998, 577535.9999999999, 304127.99999999994]","[577535.9999999999, 304127.99999999994, 580607.9999999999]","[55.21292402277962, 35.69594743443339, 27.155808596852687]","[0.38920903161681486, 41.03561998415902, 0.9373872900193135]"
False,3,1,10000,"[-0.5061454830783556, 0.01745329251994332, 0.593411945678072]","[1078271.9999999998, 577535.9999999999, 304127.99999999994]","[577535.9999999999, 304127.99999999994, 580607.9999999999]","[54.38962746380265, 35.81344910832704, 21.588979448300172]","[0.41252712716745665, 41.29551523237454, 0.8387790309480125]"
False,3,1,10000,"[-0.5061454830783556, 0.01745329251994332, 0.593411945678072]","[1078271.9999999998, 577535.9999999999, 304127.99999999994]","[577535.9999999999, 304127.99999999994, 580607.9999999999]","[54.250578255406516, 36.18006041432311, 21.922488652906694]","[0.38929269056422916, 41.241227144358625, 0.7367807096403256]"
False,3,1,10000,"[-0.5061454830783556, 0.01745329251994332, 0.593411945678072]","[1078271.9999999998, 577535.9999999999, 307199.99999999994]","[577535.9999999999, 307199.99999999994, 1078271.9999999998]","[52.724878708926965, 36.72994202852184, 12.909129524243543]","[0.38318459195157245, 42.01516165656136, 0.47546599032105924]"
False,3,1,10000,"[-0.5061454830783556, 0.01745329251994332, 0.593411945678072]","[1078271.9999999998, 577535.9999999999, 304127.99999999994]","[577535.9999999999, 304127.99999999994, 1078271.9999999998]","[51.947077223134876, 36.65282241973843, 26.030526431371385]","[0.3201874323223272, 41.93471103512768, 0.9038636497383651]"
False,3,1,10000,"[-0.5061454830783556, 0.01745329251994332, 0.593411945678072]","[1078271.9999999998, 577535.9999999999, 307199.99999999994]","[577535.9999999999, 307199.99999999994, 1078271.9999999998]","[52.3464206641757, 36.90371268895782, 19.645467223831737]","[0.3674525626710135, 42.45696221634523, 0.6560058246703308]"
False,3,1,10000,"[-0.5061454830783556, 0.01745329251994332, 0.593411945678072]","[1078271.9999999998, 577535.9999999999, 307199.99999999994]","[577535.9999999999, 307199.99999999994, 1078271.9999999998]","[52.41080170063689, 36.92098264624476, 23.897013025248558]","[0.3425457541263509, 42.18123643761922, 0.823138812105091]"
False,3,1,10000,"[-0.5061454830783556, 0.01745329251994332, 0.593411945678072]","[1078271.9999999998, 577535.9999999999, 307199.99999999994]","[577535.9999999999, 307199.99999999994, 1078271.9999999998]","[52.5844136742106, 36.69519557691491, 16.59392334804762]","[0.41444736152722467, 42.0995263680221, 0.613063967337263]"
False,3,1,10000,"[-0.5061454830783556, 0.01745329251994332, 0.593411945678072]","[1078271.9999999998, 577535.9999999999, 304127.99999999994]","[577535.9999999999, 304127.99999999994, 1078271.9999999998]","[53.06118674780148, 36.514632086678546, 27.247653137664365]","[0.40494081189666675, 41.79034191323552, 0.9353515071016536]"
False,3,1,10000,"[-0.5061454830783556, 0.01745329251994332, 0.593411945678072]","[1078271.9999999998, 577535.9999999999, 304127.99999999994]","[577535.9999999999, 304127.99999999994, 1078271.9999999998]","[53.48385439803722, 36.494715188477166, 25.086005845047033]","[0.4178772359252017, 41.83000067515603, 0.8955000363312186]"
False,3,1,10000,"[-0.5061454830783556, 0.01745329251994332, 0.593411945678072]","[1078271.9999999998, 577535.9999999999, 307199.99999999994]","[577535.9999999999, 307199.99999999994, 580607.9999999999]","[53.5695573285891, 36.02116054427803, 14.10676907253676]","[0.2903722442912382, 41.47083151892999, 0.5089384356513867]"
False,3,1,10000,"[-0.5061454830783556, 0.01745329251994332, 0.593411945678072]","[1078271.9999999998, 577535.9999999999, 304127.99999999994]","[577535.9999999999, 304127.99999999994, 580607.9999999999]","[53.97681651725626, 36.115276645267656, 27.254811516269317]","[0.33362063470204806, 41.56385087420698, 0.9899403087093583]"
False,3,1,10000,"[-0.5061454830783556, 0.01745329251994332, 0.593411945678072]","[1078271.9999999998, 577535.9999999999, 304127.99999999994]","[577535.9999999999, 304127.99999999994, 580607.9999999999]","[54.27832656518206, 36.32025503946655, 19.825521580416517]","[0.4126929410488354, 41.62325074582332, 0.6668290637912954]"
False,3,1,10000,"[-0.5061454830783556, 0.01745329251994332, 0.593411945678072]","[1078271.9999999998, 577535.9999999999, 304127.99999999994]","[577535.9999999999, 304127.99999999994, 580607.9999999999]","[54.64905663686937, 36.003290668468146, 25.63180491130719]","[0.4316767087079796, 41.467681439956486, 0.841656835175768]"
False,3,1,10000,"[-0.5061454830783556, 0.01745329251994332, 0.593411945678072]","[1078271.9999999998, 577535.9999999999, 307199.99999999994]","[577535.9999999999, 307199.99999999994, 580607.9999999999]","[54.59961694780779, 35.73570890312218, 19.928860231114932]","[0.4039651765583223, 41.12089056486051, 0.7398047237681455]"
False,3,1,10000,"[-0.5061454830783556, 0.01745329251994332, 0.593411945678072]","[1078271.9999999998, 577535.9999999999, 304127.99999999994]","[577535.9999999999, 304127.99999999994, 1078271.9999999998]","[54.24705778208813, 35.97605525341863, 20.196330676012213]","[0.4316782219397074, 41.48120593380845, 0.7411494969133721]"
False,3,1,10000,"[-0.5061454830783556, 0.01745329251994332, 0.593411945678072]","[1078271.9999999998, 577535.9999999999, 304127.99999999994]","[577535.9999999999, 304127.99999999994, 307199.99999999994]","[53.19969185376668, 36.4121713842445, 12.281506033549807]","[0.3080904858614994, 41.66916265354282, 0.43751453931598466]"
False,3,1,10000,"[-0.5061454830783556, 0.01745329251994332, 0.593411945678072]","[1078271.9999999998, 577535.9999999999, 304127.99999999994]","[577535.9999999999, 304127.99999999994, 1078271.9999999998]","[53.02191773448757, 36.382094685193984, 15.710035097449131]","[0.4038281127976237, 41.70430700056486, 0.5375007953272636]"
False,3,1,10000,"[-0.5061454830783556, 0.01745329251994332, 0.593411945678072]","[1078271.9999999998, 577535.9999999999, 307199.99999999994]","[577535.9999999999, 307199.99999999994, 580607.9999999999]","[53.412321053070876, 36.27134606465321, 25.287413343816322]","[0.30191049309469375, 41.63012999823749, 0.9364900863384354]"
False,3,1,10000,"[-0.5061454830783556, 0.01745329251994332, 0.593411945678072]","[1078271.9999999998, 577535.9999999999, 307199.99999999994]","[577535.9999999999, 307199.99999999994, 580607.9999999999]","[54.26652900743036, 36.221690117844986, 22.934189038146517]","[0.34022770723701184, 41.14563524147049, 0.8497613794519426]"
False,3,1,10000,"[-0.5061454830783556, 0.01745329251994332, 0.593411945678072]","[1078271.9999999998, 577535.9999999999, 307199.99999999994]","[577535.9999999999, 307199.99999999994, 580607.9999999999]","[54.5659814842885, 36.06269064110456, 15.722560663964432]","[0.3375134460480046, 41.25659751162687, 0.5556727225615284]"
False,3,1,10000,"[-0.4886921905584123, 0.01745329251994332, 0.593411945678072]","[1078271.9999999998, 577535.9999999999, 307199.99999999994]","[577535.9999999999, 307199.99999999994, 580607.9999999999]","[54.93890402457264, 35.77370808216698, 20.234150237704146]","[0.3608787458467064, 41.14178666977821, 0.7209200896727485]"
False,3,1,10000,"[-0.5061454830783556, 0.01745329251994332, 0.593411945678072]","[1078271.9999999998, 577535.9999999999, 307199.99999999994]","[577535.9999999999, 307199.99999999994, 580607.9999999999]","[55.196752793942586, 35.72411116177571, 22.938728886574186]","[0.42045317169955077, 41.12255351076472, 0.7608582196436602]"
False,3,1,10000,"[-0.5061454830783556, 0.01745329251994332, 0.593411945678072]","[1078271.9999999998, 577535.9999999999, 307199.99999999994]","[577535.9999999999, 307199.99999999994, 580607.9999999999]","[55.37907074782973, 35.53049307559287, 21.977159631364078]","[0.34716572457719264, 40.45394027582278, 0.8277522752205538]"
False,3,1,10000,"[-0.5061454830783556, 0.01745329251994332, 0.593411945678072]","[1078271.9999999998, 577535.9999999999, 307199.99999999994]","[577535.9999999999, 307199.99999999994, 580607.9999999999]","[55.60279992110228, 35.483302351075224, 22.457107917283]","[0.374637045525548, 40.46523458112942, 0.8104002381429988]"
False,3,1,10000,"[-0.5061454830783556, 0.01745329251994332, 0.593411945678072]","[1078271.9999999998, 577535.9999999999, 307199.99999999994]","[577535.9999999999, 580607.9999999999, 307199.99999999994]","[55.69391232772081, 35.32406561571094, 16.715877263103156]","[0.42520196100339847, 40.62777288524661, 0.5686443141152844]"
False,3,1,10000,"[-0.5061454830783556, 0.01745329251994332, 0.593411945678072]","[1078271.9999999998, 577535.9999999999, 307199.99999999994]","[577535.9999999999, 307199.99999999994, 580607.9999999999]","[54.93144283128871, 35.7604069234451, 24.96357086060569]","[0.4357763948412654, 40.896447134037864, 0.8715431846265846]"
False,3,1,10000,"[-0.5061454830783556, 0.01745329251994332, 0.593411945678072]","[1078271.9999999998, 577535.9999999999, 307199.99999999994]","[577535.9999999999, 307199.99999999994, 580607.9999999999]","[54.57586166982998, 36.057157194656114, 26.537064101057993]","[0.4211007982431445, 41.291220247182316, 0.9537242231784742]"
False,3,1,10000,"[-0.5061454830783556, 0.01745329251994332, 0.593411945678072]","[1078271.9999999998, 577535.9999999999, 307199.99999999994]","[577535.9999999999, 307199.99999999994, 580607.9999999999]","[54.329549231429326, 36.44394119312975, 22.487866652328666]","[0.3888274453795436, 41.39364575234019, 0.8245126579585954]"
False,3,1,10000,"[-0.5061454830783556, 0.01745329251994332, 0.593411945678072]","[1078271.9999999998, 577535.9999999999, 307199.99999999994]","[577535.9999999999, 307199.99999999994, 580607.9999999999]","[53.56693391567202, 36.38406008089065, 26.8210668378725]","[0.300711724850274, 41.71047608177411, 0.9833539728518331]"
False,3,1,10000,"[-0.5061454830783556, 0.01745329251994332, 0.593411945678072]","[1078271.9999999998, 577535.9999999999, 307199.99999999994]","[577535.9999999999, 307199.99999999994, 1078271.9999999998]","[53.77744093968627, 36.283306469055496, 18.81031059629744]","[0.32918733990713467, 41.54506398960704, 0.7186859266496408]"
False,3,1,10000,"[-0.5061454830783556, 0.01745329251994332, 0.593411945678072]","[1078271.9999999998, 577535.9999999999, 307199.99999999994]","[577535.9999999999, 307199.99999999994, 580607.9999999999]","[53.6640690649235, 36.181956189498, 23.009661361353174]","[0.31216645425660494, 41.405641977947106, 0.8826951214048735]"
False,3,1,10000,"[-0.5061454830783556, 0.01745329251994332, 0.593411945678072]","[1078271.9999999998, 577535.9999999999, 304127.99999999994]","[577535.9999999999, 304127.99999999994, 580607.9999999999]","[54.15901312306347, 36.37150474866812, 15.429737437860592]","[0.3253976309468045, 41.48153024959297, 0.5260619439814881]"
False,3,1,10000,"[-0.5061454830783556, 0.01745329251994332, 0.593411945678072]","[1078271.9999999998, 577535.9999999999, 304127.99999999994]","[577535.9999999999, 580607.9999999999, 1078271.9999999998]","[54.15322359135497, 36.26522170008087, 11.293094360314294]","[0.39868764929763206, 41.318912857437084, 0.3493542860934523]"
False,3,1,10000,"[-0.5061454830783556, 0.01745329251994332, 0.593411945678072]","[1078271.9999999998, 577535.9999999999, 307199.99999999994]","[577535.9999999999, 307199.99999999994, 580607.9999999999]","[54.358466639986055, 36.09346775315408, 24.465760928084315]","[0.4353181557889079, 41.297024201286185, 0.8917748335860368]"
False,3,1,10000,"[-0.5061454830783556, 0.01745329251994332, 0.593411945678072]","[1078271.9999999998, 577535.9999999999, 310271.99999999994]","[577535.9999999999, 310271.99999999994, 580607.9999999999]","[54.382262308551994, 36.19928570773997, 14.756173474018107]","[0.31466221048445797, 41.20577705999882, 0.5685660416448535]"
False,3,1,10000,"[-0.5061454830783556, 0.01745329251994332, 0.593411945678072]","[1078271.9999999998, 577535.9999999999, 307199.99999999994]","[577535.9999999999, 307199.99999999994, 580607.9999999999]","[54.67203157561642, 36.100456484366255, 19.88361960637814]","[0.3912387029163944, 41.05810995625774, 0.6569402031255788]"
False,3,1,10000,"[-0.5061454830783556, 0.01745329251994332, 0.593411945678072]","[1078271.9999999998, 577535.9999999999, 307199.99999999994]","[577535.9999999999, 307199.99999999994, 580607.9999999999]","[55.01967070049489, 35.698244779890764, 21.67584998525253]","[0.4001124520090103, 40.72969526262385, 0.7934807017283335]"
False,3,1,10000,"[-0.5061454830783556, 0.01745329251994332, 0.593411945678072]","[1078271.9999999998, 577535.9999999999, 304127.99999999994]","[577535.9999999999, 304127.99999999994, 580607.9999999999]","[55.46801885827982, 35.47609682484948, 20.37645948659208]","[0.35865279412149137, 40.7549368197492, 0.7780294753613051]"
False,3,1,10000,"[-0.5061454830783556, 0.01745329251994332, 0.593411945678072]","[1078271.9999999998, 577535.9999999999, 307199.99999999994]","[577535.9999999999, 307199.99999999994, 580607.9999999999]","[55.53665976276174, 35.43574344095335, 25.499165245200444]","[0.3777749688711464, 40.50234576799037, 0.9192918816281307]"
False,3,1,10000,"[-0.5061454830783556, 0.01745329251994332, 0.593411945678072]","[1078271.9999999998, 577535.9999999999, 307199.99999999994]","[577535.9999999999, 307199.99999999994, 580607.9999999999]","[55.4933256284082, 35.2998627170454, 25.368487841864866]","[0.36932163134916723, 40.47656311087232, 0.9428667671561056]"
False,3,1,10000,"[-0.5061454830783556, 0.01745329251994332, 0.593411945678072]","[1078271.9999999998, 577535.9999999999, 310271.99999999994]","[577535.9999999999, 580607.9999999999, 310271.99999999994]","[55.79011256171989, 35.58116648902141, 14.020914395186077]","[0.33702771781892193, 40.35689700076987, 0.5093008010440178]"
False,3,1,10000,"[-0.5061454830783556, 0.01745329251994332, 0.593411945678072]","[1078271.9999999998, 577535.9999999999, 307199.99999999994]","[577535.9999999999, 307199.99999999994, 580607.9999999999]","[55.778931625544125, 35.317928109944894, 25.116688644745846]","[0.45026118888791544, 40.24372601627118, 0.9283810463722474]"
False,3,1,10000,"[-0.5061454830783556, 0.01745329251994332, 0.593411945678072]","[1078271.9999999998, 577535.9999999999, 307199.99999999994]","[577535.9999999999, 307199.99999999994, 580607.9999999999]","[56.02371056845315, 34.955419112249935, 26.903040879278667]","[0.33822414807636886, 40.06166430753439, 0.9883013382797714]"
False,3,1,10000,"[-0.5061454830783556, 0.01745329251994332, 0.593411945678072]","[1078271.9999999998, 577535.9999999999, 307199.99999999994]","[577535.9999999999, 580607.9999999999, 307199.99999999994]","[55.955311821399434, 34.95188860623264, 24.29236371250199]","[0.3215784744900298, 40.00273621761927, 0.890047041283644]"
False,3,1,10000,"[-0.5061454830783556, 0.01745329251994332, 0.593411945678072]","[1078271.9999999998, 577535.9999999999, 307199.99999999994]","[577535.9999999999, 580607.9999999999, 307199.99999999994]","[56.18448813536831, 34.95813654831002, 23.689448186314944]","[0.3650055896380168, 39.92065281898214, 0.9173595464678445]"
False,3,1,10000,"[-0.5061454830783556, 0.01745329251994332, 0.593411945678072]","[1078271.9999999998, 577535.9999999999, 307199.99999999994]","[577535.9999999999, 580607.9999999999, 307199.99999999994]","[55.95790343537715, 34.90516626016287, 22.81425560914566]","[0.35616643354776306, 39.992072026869536, 0.8480386430010122]"
False,3,1,10000,"[-0.5061454830783556, 0.01745329251994332, 0.593411945678072]","[1078271.9999999998, 577535.9999999999, 307199.99999999994]","[577535.9999999999, 307199.99999999994, 580607.9999999999]","[56.04270332767186, 35.04958239263964, 27.156817373187113]","[0.309597527610468, 39.89886186891041, 0.9642926234595994]"
False,3,1,10000,"[-0.5061454830783556, 0.01745329251994332, 0.593411945678072]","[1078271.9999999998, 577535.9999999999, 307199.99999999994]","[577535.9999999999, 307199.99999999994, 580607.9999999999]","[55.68614316002121, 35.5119144048227, 27.514631150819255]","[0.3450851378003902, 40.71313222341447, 1.0080933751914147]"
False,3,1,10000,"[-0.5061454830783556, 0.01745329251994332, 0.593411945678072]","[1078271.9999999998, 577535.9999999999, 307199.99999999994]","[577535.9999999999, 307199.99999999994, 580607.9999999999]","[55.03996049429665, 35.78365440261634, 27.001922444331957]","[0.38334539064163775, 40.7190713568666, 0.9950055786574851]"
False,3,1,10000,"[-0.5061454830783556, 0.01745329251994332, 0.593411945678072]","[1078271.9999999998, 577535.9999999999, 307199.99999999994]","[577535.9999999999, 307199.99999999994, 580607.9999999999]","[54.94408711361484, 35.61617535763503, 21.46771099422992]","[0.29823409798047834, 40.732008482177655, 0.8153012413286921]"
False,3,1,10000,"[-0.5061454830783556, 0.01745329251994332, 0.593411945678072]","[1078271.9999999998, 577535.9999999999, 307199.99999999994]","[577535.9999999999, 307199.99999999994, 580607.9999999999]","[54.542790036078294, 35.998518492423344, 27.290193892202407]","[0.3532194052165649, 41.332570564361966, 1.00224164034756]"
False,3,1,10000,"[-0.5061454830783556, 0.01745329251994332, 0.593411945678072]","[1078271.9999999998, 577535.9999999999, 307199.99999999994]","[577535.9999999999, 307199.99999999994, 580607.9999999999]","[54.57142715479418, 36.03720793079702, 24.654613900976248]","[0.41802294633305875, 41.421383589401145, 0.831523762089825]"
False,3,1,10000,"[-0.5061454830783556, 0.01745329251994332, 0.593411945678072]","[1078271.9999999998, 577535.9999999999, 307199.99999999994]","[577535.9999999999, 307199.99999999994, 580607.9999999999]","[54.540579624528156, 36.255954802459186, 22.02930959664086]","[0.3392580675623534, 41.32685602305994, 0.7776968286541505]"
False,3,1,10000,"[-0.5061454830783556, 0.01745329251994332, 0.593411945678072]","[1078271.9999999998, 577535.9999999999, 307199.99999999994]","[577535.9999999999, 307199.99999999994, 580607.9999999999]","[54.28433792291774, 36.090196836914465, 27.42582356814059]","[0.366881395627859, 41.23412286852221, 0.999337280734548]"
False,3,1,10000,"[-0.5061454830783556, 0.01745329251994332, 0.593411945678072]","[1078271.9999999998, 577535.9999999999, 307199.99999999994]","[577535.9999999999, 307199.99999999994, 580607.9999999999]","[54.209238094803894, 36.16058824416563, 14.309328977419494]","[0.33521626186748854, 41.160158648673466, 0.5285777693078783]"
False,3,1,10000,"[-0.5061454830783556, 0.01745329251994332, 0.593411945678072]","[1078271.9999999998, 577535.9999999999, 304127.99999999994]","[577535.9999999999, 304127.99999999994, 1078271.9999999998]","[54.14242383184073, 36.39582911130217, 12.167233499388164]","[0.402500600844164, 41.39802610184452, 0.4841716343334399]"
False,3,1,10000,"[-0.5061454830783556, 0.01745329251994332, 0.593411945678072]","[1078271.9999999998, 577535.9999999999, 307199.99999999994]","[577535.9999999999, 307199.99999999994, 580607.9999999999]","[54.06447672519237, 36.40834159395193, 18.000311727747192]","[0.32815867690447986, 41.52223487423753, 0.6260351518660008]"
False,3,1,10000,"[-0.5061454830783556, 0.01745329251994332, 0.593411945678072]","[1078271.9999999998, 577535.9999999999, 310271.99999999994]","[577535.9999999999, 310271.99999999994, 307199.99999999994]","[54.307101646210675, 36.13808816373561, 11.418563834338954]","[0.36248460211604583, 41.41984735215929, 0.41699426259848443]"
False,3,1,10000,"[-0.5061454830783556, 0.01745329251994332, 0.593411945678072]","[1078271.9999999998, 577535.9999999999, 307199.99999999994]","[577535.9999999999, 307199.99999999994, 1078271.9999999998]","[54.042493469384844, 36.122625361847994, 12.374565342633883]","[0.4118584898148453, 41.24393712341193, 0.4722884888512508]"
False,3,1,10000,"[-0.5061454830783556, 0.01745329251994332, 0.593411945678072]","[1078271.9999999998, 577535.9999999999, 310271.99999999994]","[577535.9999999999, 1078271.9999999998, 310271.99999999994]","[53.93575967857785, 36.390843463556095, 11.345286540334532]","[0.4244227757869546, 41.65014878987725, 0.40412047231928405]"
False,3,1,10000,"[-0.5061454830783556, 0.01745329251994332, 0.593411945678072]","[1078271.9999999998, 577535.9999999999, 310271.99999999994]","[577535.9999999999, 310271.99999999994, 1078271.9999999998]","[53.590451536097454, 36.07298332213966, 13.299639276471721]","[0.36533243612296484, 41.74325582053752, 0.4827830911619267]"
False,3,1,10000,"[-0.5061454830783556, 0.01745329251994332, 0.593411945678072]","[1078271.9999999998, 577535.9999999999, 307199.99999999994]","[577535.9999999999, 307199.99999999994, 1078271.9999999998]","[53.67960140504353, 36.61577490840636, 27.3041945841605]","[0.30693966821716767, 41.81137886234297, 1.0263811946408476]"
False,3,1,10000,"[-0.5061454830783556, 0.01745329251994332, 0.593411945678072]","[1078271.9999999998, 577535.9999999999, 307199.99999999994]","[577535.9999999999, 307199.99999999994, 580607.9999999999]","[53.69604379388019, 36.287048146283645, 25.381890094546616]","[0.2885656858441973, 41.690221950948484, 0.9297913337896317]"
False,3,1,10000,"[-0.5061454830783556, 0.01745329251994332, 0.593411945678072]","[1078271.9999999998, 577535.9999999999, 307199.99999999994]","[577535.9999999999, 307199.99999999994, 580607.9999999999]","[53.994947894845566, 36.20721483148469, 27.146117349156686]","[0.28922085627827737, 41.387558726677184, 0.9919594495150197]"
False,3,1,10000,"[-0.5061454830783556, 0.01745329251994332, 0.593411945678072]","[1078271.9999999998, 577535.9999999999, 307199.99999999994]","[577535.9999999999, 307199.99999999994, 580607.9999999999]","[54.220977464246914, 36.24163164694181, 26.463471408887912]","[0.3287215021704461, 41.35213600784791, 0.9598647313574042]"
False,3,1,10000,"[-0.5061454830783556, 0.01745329251994332, 0.593411945678072]","[1078271.9999999998, 577535.9999999999, 307199.99999999994]","[577535.9999999999, 307199.99999999994, 580607.9999999999]","[54.68579130714, 36.12441202689066, 18.570908355931753]","[0.40516551729962164, 41.03789734243857, 0.7220539160653408]"
False,3,1,10000,"[-0.5061454830783556, 0.01745329251994332, 0.593411945678072]","[1078271.9999999998, 577535.9999999999, 307199.99999999994]","[577535.9999999999, 307199.99999999994, 580607.9999999999]","[54.49003814238236, 36.06603259094905, 26.727781241482507]","[0.3811632514883241, 41.32454910017855, 1.0125736839517685]"
False,3,1,10000,"[-0.5061454830783556, 0.01745329251994332, 0.593411945678072]","[1078271.9999999998, 577535.9999999999, 307199.99999999994]","[577535.9999999999, 307199.99999999994, 580607.9999999999]","[54.65960932000091, 36.01287216817433, 26.51439958277556]","[0.42038247187658, 41.05545667341828, 0.9798550612869406]"
False,3,1,10000,"[-0.5061454830783556, 0.01745329251994332, 0.593411945678072]","[1078271.9999999998, 577535.9999999999, 307199.99999999994]","[577535.9999999999, 307199.99999999994, 580607.9999999999]","[55.14126188432758, 35.58400846612718, 19.25475025451505]","[0.2745659192373482, 40.93446424921128, 0.7308235309341059]"
False,3,1,10000,"[-0.5061454830783556, 0.01745329251994332, 0.593411945678072]","[1078271.9999999998, 577535.9999999999, 307199.99999999994]","[577535.9999999999, 307199.99999999994, 580607.9999999999]","[55.67639003156083, 35.658242573525044, 22.134985143021904]","[0.36276941119896977, 40.769301246943336, 0.8390993229174315]"
False,3,1,10000,"[-0.5061454830783556, 0.01745329251994332, 0.593411945678072]","[1078271.9999999998, 577535.9999999999, 307199.99999999994]","[577535.9999999999, 307199.99999999994, 580607.9999999999]","[55.93160764833539, 35.26758875493829, 26.710734453264156]","[0.27955648993233134, 40.31534755941199, 1.0356172284779126]"
False,3,1,10000,"[-0.5061454830783556, 0.01745329251994332, 0.593411945678072]","[1078271.9999999998, 577535.9999999999, 307199.99999999994]","[577535.9999999999, 580607.9999999999, 307199.99999999994]","[56.15262645500826, 35.08088507949164, 24.384258486962086]","[0.3165880257402023, 40.11542800726915, 0.8923960270187868]"
False,3,1,10000,"[-0.5061454830783556, 0.01745329251994332, 0.593411945678072]","[1078271.9999999998, 577535.9999999999, 307199.99999999994]","[577535.9999999999, 307199.99999999994, 580607.9999999999]","[56.333500325431146, 35.11286564422995, 26.53968351878826]","[0.3870624142969042, 40.19017565280313, 0.9603527186583771]"
False,3,2,10000,"[-0.5061454830783556, 0.01745329251994332, 0.593411945678072]","[1078271.9999999998, 577535.9999999999, 307199.99999999994]","[1078271.9999999998, 307199.99999999994, 304127.99999999994]","[56.0501272450969, 35.222771975920566, 15.480733694815331]","[21.83790427616025, 0.019642459856725216, 1.2532009606236667]"
False,3,2,10000,"[-0.5061454830783556, 0.01745329251994332, 0.593411945678072]","[1078271.9999999998, 577535.9999999999, 307199.99999999994]","[1078271.9999999998, 307199.99999999994, 310271.99999999994]","[56.19258797969184, 35.214185470094115, 16.36694386973795]","[22.208628932721474, 0.001494914835965421, 1.2046207484221807]"
False,3,2,10000,"[-0.5061454830783556, 0.01745329251994332, 0.593411945678072]","[1078271.9999999998, 577535.9999999999, 307199.99999999994]","[1078271.9999999998, 307199.99999999994, 1075199.9999999998]","[56.36887459010964, 35.049404524866866, 26.45253000697659]","[21.917781996547937, 0.01302456452361747, 2.03014459238821]"
False,3,2,10000,"[-0.5061454830783556, 0.01745329251994332, 0.593411945678072]","[1078271.9999999998, 577535.9999999999, 307199.99999999994]","[1078271.9999999998, 307199.99999999994, 1075199.9999999998]","[56.40577773362444, 34.93850723771819, 26.08077238416261]","[22.142095752821653, 0.01898507980498195, 1.8360807696832497]"
False,3,2,10000,"[-0.5061454830783556, 0.01745329251994332, 0.593411945678072]","[1078271.9999999998, 577535.9999999999, 307199.99999999994]","[1078271.9999999998, 307199.99999999994, 310271.99999999994]","[56.354000385507106, 35.05174849364441, 20.903169177430733]","[22.08097489540613, 0.0059121198130984345, 1.5105481991268106]"
False,3,2,10000,"[-0.5061454830783556, 0.01745329251994332, 0.593411945678072]","[1078271.9999999998, 577535.9999999999, 307199.99999999994]","[1078271.9999999998, 307199.99999999994, 304127.99999999994]","[56.53316229729035, 34.84287185716521, 20.889252922426387]","[22.087695789281252, 0.0023768265728729356, 1.6625324557664598]"
False,3,2,10000,"[-0.5061454830783556, 0.01745329251994332, 0.593411945678072]","[1078271.9999999998, 577535.9999999999, 307199.99999999994]","[1078271.9999999998, 307199.99999999994, 1075199.9999999998]","[56.487817842883054, 34.72866675688434, 22.415571126590592]","[21.998055999113063, 0.006123192890005609, 1.6477050670201188]"
False,3,2,10000,"[-0.5061454830783556, 0.01745329251994332, 0.593411945678072]","[1078271.9999999998, 577535.9999999999, 307199.99999999994]","[1078271.9999999998, 307199.99999999994, 1075199.9999999998]","[56.42948421578184, 34.81462945766991, 23.016918323523413]","[22.208564626934972, 0.021043373938523336, 1.7197352229444143]"
False,3,2,10000,"[-0.5061454830783556, 0.01745329251994332, 0.593411945678072]","[1078271.9999999998, 577535.9999999999, 304127.99999999994]","[1078271.9999999998, 304127.99999999994, 307199.99999999994]","[56.71860226866797, 34.44905447477525, 21.50262682328801]","[22.558494897598212, 0.0017294288403176714, 1.5664115767217393]"
False,3,2,10000,"[-0.5061454830783556, 0.01745329251994332, 0.593411945678072]","[1078271.9999999998, 577535.9999999999, 307199.99999999994]","[1078271.9999999998, 307199.99999999994, 1075199.9999999998]","[56.873459594789665, 34.39588571223188, 27.137198785833835]","[22.4391980026326, 0.011765667484412032, 1.9677310981212814]"
False,3,2,10000,"[-0.5061454830783556, 0.01745329251994332, 0.593411945678072]","[1078271.9999999998, 577535.9999999999, 307199.99999999994]","[1078271.9999999998, 307199.99999999994, 304127.99999999994]","[56.82784592839688, 34.41315696558925, 15.427116271251666]","[22.171704154748973, 0.020788870220140403, 1.2318105892347757]"
False,3,2,10000,"[-0.5061454830783556, 0.01745329251994332, 0.593411945678072]","[1078271.9999999998, 577535.9999999999, 307199.99999999994]","[1078271.9999999998, 307199.99999999994, 1075199.9999999998]","[56.73019700255693, 34.298899270727794, 26.038429200387217]","[22.288670675840017, 0.002088056541156945, 1.9348709826285073]"
False,3,2,10000,"[-0.5061454830783556, 0.01745329251994332, 0.593411945678072]","[1078271.9999999998, 577535.9999999999, 307199.99999999994]","[1078271.9999999998, 307199.99999999994, 1075199.9999999998]","[57.02479392241877, 34.38489502762097, 26.392119475564268]","[22.25857927220419, 0.00504870715046709, 1.9181843401535912]"
False,3,2,10000,"[-0.5061454830783556, 0.01745329251994332, 0.593411945678072]","[1078271.9999999998, 577535.9999999999, 307199.99999999994]","[1078271.9999999998, 307199.99999999994, 304127.99999999994]","[57.131954790892685, 34.50615706845364, 16.852861335906184]","[22.28805401330879, 0.020213614017559334, 1.166750221473963]"
False,3,2,10000,"[-0.5061454830783556, 0.01745329251994332, 0.593411945678072]","[1078271.9999999998, 577535.9999999999, 307199.99999999994]","[1078271.9999999998, 307199.99999999994, 1075199.9999999998]","[57.02888437880293, 34.30162724689213, 26.60688536805202]","[22.68579698776179, 0.015863285994136136, 1.8873928104116682]"
False,3,2,10000,"[-0.5061454830783556, 0.01745329251994332, 0.593411945678072]","[1078271.9999999998, 577535.9999999999, 307199.99999999994]","[1078271.9999999998, 307199.99999999994, 1075199.9999999998]","[56.743307788940186, 34.44744144879404, 27.249973561442843]","[22.266042988101287, 0.002315240923992564, 2.049156073992066]"
False,3,2,10000,"[-0.5061454830783556, 0.01745329251994332, 0.593411945678072]","[1078271.9999999998, 577535.9999999999, 307199.99999999994]","[1078271.9999999998, 307199.99999999994, 304127.99999999994]","[56.81583609712916, 34.090540738375616, 20.54888978301381]","[22.51482195985932, 0.007484890976503665, 1.4545951616012518]"
False,3,2,10000,"[-0.5061454830783556, 0.01745329251994332, 0.593411945678072]","[1078271.9999999998, 577535.9999999999, 307199.99999999994]","[1078271.9999999998, 307199.99999999994, 304127.99999999994]","[56.80893352923135, 34.03611476456856, 18.562051186021105]","[22.10939797772781, 0.01800224325683308, 1.392245543969599]"
False,3,2,10000,"[-0.5061454830783556, 0.01745329251994332, 0.593411945678072]","[1078271.9999999998, 577535.9999999999, 304127.99999999994]","[1078271.9999999998, 304127.99999999994, 307199.99999999994]","[57.28323319474135, 33.973677364729205, 22.856927429538555]","[22.45693022521239, 0.02095135738269939, 1.587113417675879]"
False,3,2,10000,"[-0.5061454830783556, 0.01745329251994332, 0.593411945678072]","[1078271.9999999998, 577535.9999999999, 304127.99999999994]","[1078271.9999999998, 304127.99999999994, 307199.99999999994]","[57.456576270811695, 33.26913477451955, 14.198800419982838]","[22.766866959783798, 0.007637502561225638, 1.1168167135280735]"
False,3,2,10000,"[-0.5061454830783556, 0.01745329251994332, 0.593411945678072]","[1078271.9999999998, 577535.9999999999, 307199.99999999994]","[1078271.9999999998, 307199.99999999994, 310271.99999999994]","[57.323821961398586, 33.520443724057905, 24.4936757390542]","[22.56505460286187, 0.01047328466235201, 1.78988729134311]"
False,3,2,10000,"[-0.5061454830783556, 0.01745329251994332, 0.593411945678072]","[1078271.9999999998, 577535.9999999999, 307199.99999999994]","[1078271.9999999998, 307199.99999999994, 304127.99999999994]","[57.587324510118954, 33.59491483234556, 19.827125732266534]","[22.779445984983102, 0.008439067453766685, 1.517762674996934]"
False,3,2,10000,"[-0.5061454830783556, 0.01745329251994332, 0.593411945678072]","[1078271.9999999998, 577535.9999999999, 307199.99999999994]","[1078271.9999999998, 307199.99999999994, 304127.99999999994]","[57.30294639653394, 33.683097313778525, 16.906290297285814]","[22.843982273767384, 0.0023477946019065062, 1.1658049174321294]"
False,3,2,10000,"[-0.5061454830783556, 0.01745329251994332, 0.593411945678072]","[1078271.9999999998, 577535.9999999999, 307199.99999999994]","[1078271.9999999998, 307199.99999999994, 304127.99999999994]","[57.00984263956435, 33.9982951282133, 23.290461116906187]","[22.6062298964752, 0.014528676515837844, 1.65094861134601]"
False,3,2,10000,"[-0.5061454830783556, 0.01745329251994332, 0.593411945678072]","[1078271.9999999998, 577535.9999999999, 304127.99999999994]","[1078271.9999999998, 304127.99999999994, 307199.99999999994]","[57.1318593713565, 33.75459021288059, 14.338060944363118]","[22.87169661414763, 0.01861240401531835, 0.9874485125378073]"
False,3,2,10000,"[-0.5061454830783556, 0.01745329251994332, 0.593411945678072]","[1078271.9999999998, 577535.9999999999, 307199.99999999994]","[1078271.9999999998, 307199.99999999994, 304127.99999999994]","[57.217248632308326, 33.13903810872324, 11.312808022414204]","[22.759060772283945, 0.009086443658428195, 0.8884628044935874]"
False,3,2,10000,"[-0.5061454830783556, 0.01745329251994332, 0.593411945678072]","[1078271.9999999998, 577535.9999999999, 307199.99999999994]","[1078271.9999999998, 307199.99999999994, 304127.99999999994]","[57.52617594252883, 33.3136807162987, 15.098617482695746]","[22.696117738468843, 0.016170301124851752, 1.0825602875242137]"
False,3,2,10000,"[-0.5061454830783556, 0.01745329251994332, 0.593411945678072]","[1078271.9999999998, 577535.9999999999, 307199.99999999994]","[1078271.9999999998, 307199.99999999994, 1075199.9999999998]","[57.58969703035804, 33.14038392232062, 27.390048691021565]","[22.539189869899797, 0.014531368632355792, 2.076803649684604]"
False,3,2,10000,"[-0.5061454830783556, 0.01745329251994332, 0.593411945678072]","[1078271.9999999998, 577535.9999999999, 307199.99999999994]","[1078271.9999999998, 307199.99999999994, 1075199.9999999998]","[57.50208100239292, 33.23464383983674, 26.989907263817155]","[22.81950730392442, 0.009365035139990867, 2.0036034806452414]"
False,3,2,10000,"[-0.5061454830783556, 0.01745329251994332, 0.593411945678072]","[1078271.9999999998, 577535.9999999999, 304127.99999999994]","[1078271.9999999998, 304127.99999999994, 307199.99999999994]","[57.585623689213726, 33.458376158036714, 24.383951102338575]","[22.61697989030796, 0.014720134326527112, 1.848213124957314]"
False,3,2,10000,"[-0.5061454830783556, 0.01745329251994332, 0.593411945678072]","[1078271.9999999998, 577535.9999999999, 307199.99999999994]","[1078271.9999999998, 307199.99999999994, 1075199.9999999998]","[57.29350282974603, 33.6027812212283, 26.953056914404964]","[22.550976357930217, 0.014645512651087657, 2.0411033102839538]"
False,3,2,10000,"[-0.5061454830783556, 0.01745329251994332, 0.593411945678072]","[1078271.9999999998, 577535.9999999999, 304127.99999999994]","[1078271.9999999998, 304127.99999999994, 307199.99999999994]","[57.35931798662782, 33.82952187039133, 13.257995482413765]","[22.24175388176272, 0.015974987749453502, 1.032859716127104]"
False,3,2,10000,"[-0.5061454830783556, 0.01745329251994332, 0.593411945678072]","[1078271.9999999998, 577535.9999999999, 307199.99999999994]","[1078271.9999999998, 307199.99999999994, 1075199.9999999998]","[57.1950721144333, 33.909003554724826, 24.379409289263897]","[22.817939306353466, 0.00650328860747448, 1.7738878921856605]"
False,3,2,10000,"[-0.5061454830783556, 0.01745329251994332, 0.593411945678072]","[1078271.9999999998, 577535.9999999999, 304127.99999999994]","[1078271.9999999998, 304127.99999999994, 1075199.9999999998]","[55.428575047008266, 35.57020438632098, 17.564321875285]","[21.896447688796616, 0.004363743052535109, 1.176598317962703]"
False,3,2,10000,"[-0.5061454830783556, 0.01745329251994332, 0.593411945678072]","[1078271.9999999998, 577535.9999999999, 304127.99999999994]","[1078271.9999999998, 304127.99999999994, 307199.99999999994]","[56.19410497049099, 35.10427764561597, 15.325486439051451]","[22.207833581572157, 0.00721343485565513, 1.1533006126342047]"
False,3,2,10000,"[-0.5061454830783556, 0.01745329251994332, 0.593411945678072]","[1078271.9999999998, 577535.9999999999, 307199.99999999994]","[1078271.9999999998, 307199.99999999994, 304127.99999999994]","[56.10658661487717, 34.85140306711713, 16.22612981643425]","[22.272862460114148, 0.012703990601520113, 1.1187276391561929]"
False,3,2,10000,"[-0.5061454830783556, 0.01745329251994332, 0.593411945678072]","[1078271.9999999998, 577535.9999999999, 307199.99999999994]","[1078271.9999999998, 307199.99999999994, 304127.99999999994]","[56.04938056683616, 35.06253519714307, 16.436890037128794]","[21.97929089601256, 0.010961065516553624, 1.2266943510224624]"
False,3,2,10000,"[-0.5061454830783556, 0.01745329251994332, 0.593411945678072]","[1078271.9999999998, 577535.9999999999, 307199.99999999994]","[1078271.9999999998, 307199.99999999994, 1075199.9999999998]","[56.15866146379232, 35.0884166342838, 26.593895567423413]","[21.985769730933093, 0.01079505411391501, 1.9494914176210447]"
False,3,2,10000,"[-0.5061454830783556, 0.01745329251994332, 0.593411945678072]","[1078271.9999999998, 577535.9999999999, 307199.99999999994]","[1078271.9999999998, 307199.99999999994, 304127.99999999994]","[56.060015478764754, 35.15030310880803, 11.340363216600407]","[22.29455997019583, 0.003672765901264685, 0.7502026764475112]"
False,3,2,10000,"[-0.5061454830783556, 0.01745329251994332, 0.593411945678072]","[1078271.9999999998, 577535.9999999999, 307199.99999999994]","[1078271.9999999998, 307199.99999999994, 1075199.9999999998]","[56.169022244844776, 34.85523196762706, 20.157836120371364]","[22.418626943062144, 0.014482734064687761, 1.4026507755262205]"
False,3,2,10000,"[-0.5061454830783556, 0.01745329251994332, 0.593411945678072]","[1078271.9999999998, 577535.9999999999, 304127.99999999994]","[1078271.9999999998, 304127.99999999994, 307199.99999999994]","[56.22608582035273, 35.144789293239256, 12.67881013002122]","[22.320138004800416, 0.01845354658678368, 0.8806936397320263]"
False,3,2,10000,"[-0.5061454830783556, 0.01745329251994332, 0.593411945678072]","[1078271.9999999998, 577535.9999999999, 307199.99999999994]","[1078271.9999999998, 307199.99999999994, 1075199.9999999998]","[56.34002736802275, 34.908105895324546, 22.07169125312995]","[22.100004621681336, 0.01947467367259107, 1.5911754280746135]"
False,3,2,10000,"[-0.5061454830783556, 0.01745329251994332, 0.593411945678072]","[1078271.9999999998, 577535.9999999999, 307199.99999999994]","[1078271.9999999998, 307199.99999999994, 1075199.9999999998]","[56.28410780570263, 34.62204201415141, 22.783301709356294]","[22.282199263500903, 0.015116765871601254, 1.6419014846753237]"
False,3,2,10000,"[-0.5061454830783556, 0.01745329251994332, 0.593411945678072]","[1078271.9999999998, 577535.9999999999, 304127.99999999994]","[1078271.9999999998, 304127.99999999994, 307199.99999999994]","[56.89403360081238, 34.21005441596669, 12.402543157871431]","[22.418269979930354, 0.015846346961323043, 0.8926572126520447]"
False,3,2,10000,"[-0.5061454830783556, 0.01745329251994332, 0.593411945678072]","[1078271.9999999998, 577535.9999999999, 307199.99999999994]","[1078271.9999999998, 307199.99999999994, 1075199.9999999998]","[57.08186279475828, 33.78839251058694, 26.580278280525764]","[22.48435326925819, 0.022735209508033996, 1.89078872917016]"
False,3,2,10000,"[-0.5061454830783556, 0.01745329251994332, 0.593411945678072]","[1078271.9999999998, 577535.9999999999, 304127.99999999994]","[1078271.9999999998, 304127.99999999994, 307199.99999999994]","[57.354250943612534, 33.82052882450586, 12.174531717678356]","[22.821596344591484, 0.013482884072611943, 0.82767154753987]"
False,3,2,10000,"[-0.5061454830783556, 0.01745329251994332, 0.593411945678072]","[1078271.9999999998, 577535.9999999999, 307199.99999999994]","[1078271.9999999998, 307199.99999999994, 1075199.9999999998]","[56.79458871765747, 34.38176118767094, 26.542641311166047]","[22.4481976972802, 0.002994867992739444, 1.9556413603836973]"
False,3,2,10000,"[-0.5061454830783556, 0.01745329251994332, 0.593411945678072]","[1078271.9999999998, 577535.9999999999, 307199.99999999994]","[1078271.9999999998, 307199.99999999994, 304127.99999999994]","[56.62428171017022, 34.75692153426558, 16.592162137735464]","[22.314250846694737, 0.0017844695418223308, 1.1906252020781585]"
False,3,2,10000,"[-0.5061454830783556, 0.01745329251994332, 0.593411945678072]","[1078271.9999999998, 577535.9999999999, 307199.99999999994]","[1078271.9999999998, 307199.99999999994, 1075199.9999999998]","[56.60249122816601, 34.66778775938916, 23.115131621173]","[22.394247650231293, 0.006217495936267821, 1.731976474104441]"
False,3,2,10000,"[-0.5061454830783556, 0.01745329251994332, 0.593411945678072]","[1078271.9999999998, 577535.9999999999, 307199.99999999994]","[1078271.9999999998, 307199.99999999994, 1075199.9999999998]","[56.56362399165303, 34.75930029835556, 23.07171335550067]","[22.296321243843657, 0.013701000701730762, 1.6595083053408535]"
False,3,2,10000,"[-0.5061454830783556, 0.01745329251994332, 0.593411945678072]","[1078271.9999999998, 577535.9999999999, 304127.99999999994]","[1078271.9999999998, 304127.99999999994, 1075199.9999999998]","[56.88133679083355, 34.29882204996852, 24.882743992632385]","[22.475267668358672, 0.017185016042209764, 1.9262994366250965]"
False,3,2,10000,"[-0.5061454830783556, 0.01745329251994332, 0.593411945678072]","[1078271.9999999998, 577535.9999999999, 307199.99999999994]","[1078271.9999999998, 307199.99999999994, 1075199.9999999998]","[57.07854058030466, 33.943172127410215, 27.237607673945785]","[22.511902120821592, 0.005528205328222885, 1.9278242050253054]"
False,3,2,10000,"[-0.5061454830783556, 0.01745329251994332, 0.593411945678072]","[1078271.9999999998, 577535.9999999999, 304127.99999999994]","[1078271.9999999998, 304127.99999999994, 307199.99999999994]","[57.037307425091015, 33.53842697284254, 15.999663843971058]","[22.588269822362186, 0.002347764298374439, 1.2080628427576896]"
False,3,2,10000,"[-0.5061454830783556, 0.01745329251994332, 0.593411945678072]","[1078271.9999999998, 577535.9999999999, 307199.99999999994]","[1078271.9999999998, 307199.99999999994, 310271.99999999994]","[57.25806117887129, 33.75785030782802, 24.155645384586496]","[22.736213843419847, 0.01628302307176694, 1.6901520720001377]"
False,3,2,10000,"[-0.5061454830783556, 0.01745329251994332, 0.593411945678072]","[1078271.9999999998, 577535.9999999999, 307199.99999999994]","[1078271.9999999998, 307199.99999999994, 304127.99999999994]","[57.3527612494464, 33.743177736662616, 24.320119271331237]","[22.632547659870472, 0.018301320596665775, 1.7062157556121322]"
False,3,2,10000,"[-0.5061454830783556, 0.01745329251994332, 0.593411945678072]","[1078271.9999999998, 577535.9999999999, 304127.99999999994]","[1078271.9999999998, 304127.99999999994, 307199.99999999994]","[57.04916287268929, 33.48474975275624, 18.5441696745293]","[22.590093106877205, 0.01719609315790324, 1.3323652804536923]"
False,3,2,10000,"[-0.5061454830783556, 0.01745329251994332, 0.593411945678072]","[1078271.9999999998, 577535.9999999999, 307199.99999999994]","[1078271.9999999998, 307199.99999999994, 1075199.9999999998]","[57.24340955000655, 33.63126466443202, 24.78106620943217]","[22.636833980253098, 0.0036682454115207867, 1.757582216302259]"
False,3,2,10000,"[-0.5061454830783556, 0.01745329251994332, 0.593411945678072]","[1078271.9999999998, 577535.9999999999, 307199.99999999994]","[1078271.9999999998, 307199.99999999994, 1075199.9999999998]","[57.17220279198932, 33.55068936091367, 27.184051381871676]","[22.670525665318433, 0.0008253956277216532, 2.101414394729927]"
False,3,2,10000,"[-0.5061454830783556, 0.01745329251994332, 0.593411945678072]","[1078271.9999999998, 577535.9999999999, 304127.99999999994]","[1078271.9999999998, 304127.99999999994, 307199.99999999994]","[57.38176668644568, 33.775552138967925, 17.566966136104362]","[22.490911195972643, 0.01402603620094281, 1.3739854511884724]"
False,3,2,10000,"[-0.5061454830783556, 0.01745329251994332, 0.593411945678072]","[1078271.9999999998, 577535.9999999999, 304127.99999999994]","[1078271.9999999998, 304127.99999999994, 307199.99999999994]","[57.43152719082833, 33.62069214292742, 13.317354432739018]","[22.66248375584939, 0.003976390862117097, 1.0032747566932692]"
False,3,2,10000,"[-0.5061454830783556, 0.01745329251994332, 0.593411945678072]","[1078271.9999999998, 577535.9999999999, 307199.99999999994]","[1078271.9999999998, 307199.99999999994, 304127.99999999994]","[57.10779501954231, 33.48020506450619, 16.8027829467162]","[22.905634873378737, 0.002754817315062847, 1.128485657374498]"
False,3,2,10000,"[-0.5061454830783556, 0.01745329251994332, 0.593411945678072]","[1078271.9999999998, 577535.9999999999, 307199.99999999994]","[1078271.9999999998, 307199.99999999994, 310271.99999999994]","[57.283105290632086, 33.71762566576766, 21.348339939828566]","[22.691689191682443, 0.020224874800388436, 1.5784079831681734]"
False,3,2,10000,"[-0.5061454830783556, 0.01745329251994332, 0.593411945678072]","[1078271.9999999998, 577535.9999999999, 307199.99999999994]","[1078271.9999999998, 307199.99999999994, 1075199.9999999998]","[57.05892776843465, 33.998790864096755, 25.732614850222625]","[22.53641843245438, 0.011518225389132018, 1.8150612599502771]"
False,3,2,10000,"[-0.5061454830783556, 0.01745329251994332, 0.593411945678072]","[1078271.9999999998, 577535.9999999999, 307199.99999999994]","[1078271.9999999998, 307199.99999999994, 1075199.9999999998]","[57.134027170024815, 34.01914234318524, 26.262358108546724]","[22.561339388828735, 0.00803224096547461, 1.8751097117138538]"
False,3,2,10000,"[-0.5061454830783556, 0.01745329251994332, 0.593411945678072]","[1078271.9999999998, 577535.9999999999, 307199.99999999994]","[1078271.9999999998, 307199.99999999994, 310271.99999999994]","[56.886037642001746, 34.05778704024377, 21.91339699326623]","[22.482161260968336, 0.01664837119874855, 1.5807122298374274]"
False,3,2,10000,"[-0.5061454830783556, 0.01745329251994332, 0.593411945678072]","[1078271.9999999998, 577535.9999999999, 307199.99999999994]","[1078271.9999999998, 307199.99999999994, 304127.99999999994]","[56.99883146486185, 33.89357044429465, 15.343791713963544]","[22.664320296485673, 0.0027436494191519405, 1.038172719390207]"
False,3,2,10000,"[-0.5061454830783556, 0.01745329251994332, 0.593411945678072]","[1078271.9999999998, 577535.9999999999, 310271.99999999994]","[1078271.9999999998, 310271.99999999994, 307199.99999999994]","[57.61564491226681, 33.10080542662293, 14.877605822922183]","[22.84714716308653, 0.018317969422739524, 1.0886294987591223]"
False,3,2,10000,"[-0.5061454830783556, 0.01745329251994332, 0.593411945678072]","[1078271.9999999998, 577535.9999999999, 307199.99999999994]","[1078271.9999999998, 307199.99999999994, 310271.99999999994]","[57.710690342368636, 32.38692289856983, 25.93849613276777]","[22.809508867764116, 0.015026548062723159, 1.8967739911871628]"
False,3,2,10000,"[-0.5061454830783556, 0.01745329251994332, 0.593411945678072]","[1078271.9999999998, 577535.9999999999, 307199.99999999994]","[1078271.9999999998, 307199.99999999994, 310271.99999999994]","[57.96767972851784, 32.007562642727294, 13.492707405889638]","[22.98117359110275, 0.004628362187820796, 0.9851205316320492]"
False,3,2,10000,"[-0.5061454830783556, 0.01745329251994332, 0.593411945678072]","[1078271.9999999998, 577535.9999999999, 307199.99999999994]","[1078271.9999999998, 307199.99999999994, 310271.99999999994]","[57.864020250205755, 31.995174518275476, 16.152342902383975]","[23.105021264487302, 0.013018778304289193, 1.1769449998503154]"
False,3,2,10000,"[-0.5061454830783556, 0.01745329251994332, 0.593411945678072]","[1078271.9999999998, 577535.9999999999, 307199.99999999994]","[1078271.9999999998, 307199.99999999994, 310271.99999999994]","[57.76206137006962, 32.20629289691583, 26.55216915382847]","[22.818447820574047, 0.01866394821977099, 1.9470321117618026]"
False,3,2,10000,"[-0.5061454830783556, 0.01745329251994332, 0.593411945678072]","[1078271.9999999998, 577535.9999999999, 307199.99999999994]","[1078271.9999999998, 307199.99999999994, 304127.99999999994]","[57.700165545792835, 31.930412207069594, 19.30020193191975]","[22.82262757126679, 0.004149515964303526, 1.4432366905692657]"
False,3,2,10000,"[-0.5061454830783556, 0.01745329251994332, 0.593411945678072]","[1078271.9999999998, 577535.9999999999, 307199.99999999994]","[1078271.9999999998, 307199.99999999994, 310271.99999999994]","[57.87302417931905, 31.881107258727685, 19.502673504732808]","[22.980062521133963, 0.014573620251738154, 1.4472187075149714]"
False,3,2,10000,"[-0.5061454830783556, 0.01745329251994332, 0.593411945678072]","[1078271.9999999998, 577535.9999999999, 307199.99999999994]","[1078271.9999999998, 307199.99999999994, 1075199.9999999998]","[57.67397654456737, 32.17394329506493, 27.29758845915259]","[22.88708192349756, 0.004474570960816514, 2.0556333217959932]"
False,3,2,10000,"[-0.5061454830783556, 0.01745329251994332, 0.593411945678072]","[1078271.9999999998, 577535.9999999999, 307199.99999999994]","[1078271.9999999998, 307199.99999999994, 1075199.9999999998]","[57.54282272280724, 32.95349686026729, 26.918975779658485]","[22.863812065669, 0.0025758095541380355, 1.9173167204218078]"
False,3,2,10000,"[-0.5061454830783556, 0.01745329251994332, 0.593411945678072]","[1078271.9999999998, 577535.9999999999, 307199.99999999994]","[1078271.9999999998, 307199.99999999994, 1075199.9999999998]","[57.44622335060795, 33.14286406759975, 26.667415840234238]","[22.638734469885954, 0.007434570763293534, 1.9729642364967375]"
False,3,2,10000,"[-0.5061454830783556, 0.01745329251994332, 0.593411945678072]","[1078271.9999999998, 577535.9999999999, 307199.99999999994]","[1078271.9999999998, 307199.99999999994, 310271.99999999994]","[57.58094932559387, 33.001298241898915, 21.035411568596086]","[22.936947433112945, 0.016025172735552137, 1.5695473647786107]"
False,3,2,10000,"[-0.5061454830783556, 0.01745329251994332, 0.593411945678072]","[1078271.9999999998, 577535.9999999999, 307199.99999999994]","[1078271.9999999998, 307199.99999999994, 304127.99999999994]","[57.447481726089315, 32.67821062154408, 22.130384088874855]","[22.75273879696556, 0.01586034136673076, 1.6766236696570678]"
False,3,2,10000,"[-0.5061454830783556, 0.01745329251994332, 0.593411945678072]","[1078271.9999999998, 577535.9999999999, 307199.99999999994]","[1078271.9999999998, 307199.99999999994, 304127.99999999994]","[57.53382744336217, 32.751849697594196, 21.887761891303366]","[22.741933469674848, 0.010130563633094466, 1.5692723844632686]"
False,3,2,10000,"[-0.5061454830783556, 0.01745329251994332, 0.593411945678072]","[1078271.9999999998, 577535.9999999999, 307199.99999999994]","[1078271.9999999998, 307199.99999999994, 304127.99999999994]","[57.46051943292561, 32.6433977538616, 25.276759072186724]","[22.886226884247503, 0.00423665426258541, 1.7755878360065587]"
False,3,2,10000,"[-0.5061454830783556, 0.01745329251994332, 0.593411945678072]","[1078271.9999999998, 577535.9999999999, 307199.99999999994]","[1078271.9999999998, 307199.99999999994, 304127.99999999994]","[57.68405703037787, 32.281726550720656, 26.726101555346887]","[22.928867152917963, 0.006996395900015795, 1.8408117866270948]"
False,3,2,10000,"[-0.5061454830783556, 0.01745329251994332, 0.593411945678072]","[1078271.9999999998, 577535.9999999999, 307199.99999999994]","[1078271.9999999998, 307199.99999999994, 304127.99999999994]","[57.59578303262127, 31.991246600515645, 26.92540798009691]","[22.797461261693133, 0.0020727062371048367, 1.9296853629383317]"
False,3,2,10000,"[-0.5061454830783556, 0.01745329251994332, 0.593411945678072]","[1078271.9999999998, 577535.9999999999, 304127.99999999994]","[1078271.9999999998, 304127.99999999994, 307199.99999999994]","[57.96040564053055, 32.01191754854248, 12.654024955403509]","[22.976835266629347, 0.009603776023846709, 0.8437076158546981]"
False,3,2,10000,"[-0.5061454830783556, 0.01745329251994332, 0.593411945678072]","[1078271.9999999998, 577535.9999999999, 307199.99999999994]","[1078271.9999999998, 307199.99999999994, 310271.99999999994]","[57.76651566766284, 31.432294306570295, 20.679376973950873]","[22.810882909513225, 0.018638136849363357, 1.503240218229499]"
False,3,2,10000,"[-0.5061454830783556, 0.01745329251994332, 0.593411945678072]","[1078271.9999999998, 577535.9999999999, 307199.99999999994]","[1078271.9999999998, 307199.99999999994, 310271.99999999994]","[57.78364823294918, 31.302866336498127, 14.413860963754486]","[22.891659089630664, 0.005335894571572288, 1.0712425069328848]"
